File,Old URL,New URL,Old Rel,New Rel,Old Target,New Target
"posts\alienware-aw3423dwf-review.html","https://www.amazon.com/Alienware-AW3423DWF-Curved-QD-OLED-Monitor/dp/B0BP94J8VD?tag=techstackglob-20","https://www.amazon.com/Alienware-AW3423DWF-Curved-QD-OLED-Monitor/dp/B0BP94J8VD?tag=techstackglob-20","nofollow noopener sponsored","nofollow noopener sponsored","_blank","_blank"
"posts\alienware-aw3423dwf-review.html","https://www.amazon.com/Alienware-AW3423DWF-Curved-QD-OLED-Monitor/dp/B0BP94J8VD?tag=techstackglob-20","https://www.amazon.com/Alienware-AW3423DWF-Curved-QD-OLED-Monitor/dp/B0BP94J8VD?tag=techstackglob-20","","nofollow noopener sponsored","","_blank"
"posts\alienware-aw3423dwf-review.html","https://www.amazon.com/Alienware-AW3423DWF-Curved-QD-OLED-Monitor/dp/B0BP94J8VD?tag=techstackglob-20","https://www.amazon.com/Alienware-AW3423DWF-Curved-QD-OLED-Monitor/dp/B0BP94J8VD?tag=techstackglob-20","nofollow noopener sponsored","nofollow noopener sponsored","_blank","_blank"
"posts\alienware-aw3423dwf-vs-odyssey-g8.html","https://www.amazon.com/Alienware-AW3423DWF-Curved-QD-OLED-Monitor/dp/B0BP94J8VD?tag=techstackglob-20","https://www.amazon.com/Alienware-AW3423DWF-Curved-QD-OLED-Monitor/dp/B0BP94J8VD?tag=techstackglob-20","nofollow noopener sponsored","nofollow noopener sponsored","_blank","_blank"
"posts\alienware-aw3423dwf-vs-odyssey-g8.html","https://www.amazon.com/samsung-oled-compatible-glare-free-ls32dg800snxza-warranty/dp/B0DHJ8B7TP?tag=techstackglob-20","https://www.amazon.com/samsung-oled-compatible-glare-free-ls32dg800snxza-warranty/dp/B0DHJ8B7TP?tag=techstackglob-20","nofollow noopener sponsored","nofollow noopener sponsored","_blank","_blank"
"posts\alienware-aw3423dwf-vs-odyssey-g8.html","https://www.amazon.com/Alienware-AW3423DWF-Curved-QD-OLED-Monitor/dp/B0BP94J8VD?tag=techstackglob-20","https://www.amazon.com/Alienware-AW3423DWF-Curved-QD-OLED-Monitor/dp/B0BP94J8VD?tag=techstackglob-20","nofollow noopener sponsored","nofollow noopener sponsored","_blank","_blank"
"posts\alienware-aw3423dwf-vs-odyssey-g8.html","https://www.amazon.com/samsung-oled-compatible-glare-free-ls32dg800snxza-warranty/dp/B0DHJ8B7TP?tag=techstackglob-20","https://www.amazon.com/samsung-oled-compatible-glare-free-ls32dg800snxza-warranty/dp/B0DHJ8B7TP?tag=techstackglob-20","nofollow noopener sponsored","nofollow noopener sponsored","_blank","_blank"
"posts\apple-macbook-pro-m4-pro-review.html","https://www.amazon.com/Apple-MacBook-Laptop-14%E2%80%91core-32%E2%80%91core/dp/B0DLHJZRF6?tag=techstackglob-20","https://www.amazon.com/Apple-MacBook-Laptop-14%E2%80%91core-32%E2%80%91core/dp/B0DLHJZRF6?tag=techstackglob-20","sponsored","sponsored nofollow noopener","_blank","_blank"
"posts\apple-macbook-pro-m4-pro-review.html","https://www.amazon.com/Apple-MacBook-Laptop-14%E2%80%91core-32%E2%80%91core/dp/B0DLHJZRF6?tag=techstackglob-20","https://www.amazon.com/Apple-MacBook-Laptop-14%E2%80%91core-32%E2%80%91core/dp/B0DLHJZRF6?tag=techstackglob-20","sponsored","sponsored nofollow noopener","_blank","_blank"
"posts\apple-macbook-pro-m4-pro-review.html","https://www.amazon.com/Apple-MacBook-Laptop-14%E2%80%91core-32%E2%80%91core/dp/B0DLHJZRF6?tag=techstackglob-20","https://www.amazon.com/Apple-MacBook-Laptop-14%E2%80%91core-32%E2%80%91core/dp/B0DLHJZRF6?tag=techstackglob-20","sponsored","sponsored nofollow noopener","_blank","_blank"
"posts\best-laptops-for-students-2026.html","https://amazon.com","https://amazon.com?tag=techstackglob-20","","nofollow noopener sponsored","_blank","_blank"
"posts\best-noise-cancelling-headphones-2026.html","https://www.amazon.com/dp/B09XS7JWHH?tag=techstackglob-20","https://www.amazon.com/dp/B09XS7JWHH?tag=techstackglob-20","nofollow noopener sponsored","nofollow noopener sponsored","_blank","_blank"
"posts\best-noise-cancelling-headphones-2026.html","https://www.amazon.com/dp/B09XS7JWHH?tag=techstackglob-20","https://www.amazon.com/dp/B09XS7JWHH?tag=techstackglob-20","nofollow noopener sponsored","nofollow noopener sponsored","_blank","_blank"
"posts\best-noise-cancelling-headphones-2026.html","https://www.amazon.com/Bose-QuietComfort-Bluetooth-Headphones-Cancelling/dp/B0FDKR293G?tag=techstackglob-20","https://www.amazon.com/Bose-QuietComfort-Bluetooth-Headphones-Cancelling/dp/B0FDKR293G?tag=techstackglob-20","nofollow noopener sponsored","nofollow noopener sponsored","_blank","_blank"
"posts\best-podcast-microphones-2026.html","https://www.amazon.com/Shure-Microphone-Wide-Range-Construction-Detachable/dp/B0CCSVYWMH?tag=techstackglob-20","https://www.amazon.com/Shure-Microphone-Wide-Range-Construction-Detachable/dp/B0CCSVYWMH?tag=techstackglob-20","nofollow noopener sponsored","nofollow noopener sponsored","_blank","_blank"
"posts\best-podcast-microphones-2026.html","https://www.amazon.com/Shure-Microphone-Wide-Range-Construction-Detachable/dp/B0CCSVYWMH?tag=techstackglob-20","https://www.amazon.com/Shure-Microphone-Wide-Range-Construction-Detachable/dp/B0CCSVYWMH?tag=techstackglob-20","nofollow noopener sponsored","nofollow noopener sponsored","_blank","_blank"
"posts\best-podcast-microphones-2026.html","https://www.amazon.com/dp/B0002E4Z8M?tag=techstackglob-20","https://www.amazon.com/dp/B0002E4Z8M?tag=techstackglob-20","nofollow noopener sponsored","nofollow noopener sponsored","_blank","_blank"
"posts\best-premium-laptop-for-work-2026.html","https://www.amazon.com/Apple-MacBook-Laptop-14%E2%80%91core-32%E2%80%91core/dp/B0DLHJZRF6?tag=techstackglob-20","https://www.amazon.com/Apple-MacBook-Laptop-14%E2%80%91core-32%E2%80%91core/dp/B0DLHJZRF6?tag=techstackglob-20","sponsored","sponsored nofollow noopener","_blank","_blank"
"posts\best-premium-laptop-for-work-2026.html","https://www.amazon.com/Dell-9000-9530-15-6-Notebook/dp/B0CDNTRB2V?tag=techstackglob-20","https://www.amazon.com/Dell-9000-9530-15-6-Notebook/dp/B0CDNTRB2V?tag=techstackglob-20","sponsored","sponsored nofollow noopener","_blank","_blank"
"posts\best-ultrawide-monitors-2026.html","https://www.amazon.com/Alienware-AW3423DWF-Curved-QD-OLED-Monitor/dp/B0BP94J8VD?tag=techstackglob-20","https://www.amazon.com/Alienware-AW3423DWF-Curved-QD-OLED-Monitor/dp/B0BP94J8VD?tag=techstackglob-20","nofollow noopener sponsored","nofollow noopener sponsored","_blank","_blank"
"posts\best-ultrawide-monitors-2026.html","https://www.amazon.com/Alienware-AW3423DWF-Curved-QD-OLED-Monitor/dp/B0BP94J8VD?tag=techstackglob-20","https://www.amazon.com/Alienware-AW3423DWF-Curved-QD-OLED-Monitor/dp/B0BP94J8VD?tag=techstackglob-20","nofollow noopener sponsored","nofollow noopener sponsored","_blank","_blank"
"posts\best-ultrawide-monitors-2026.html","https://www.amazon.com/samsung-oled-compatible-glare-free-ls32dg800snxza-warranty/dp/B0DHJ8B7TP?tag=techstackglob-20","https://www.amazon.com/samsung-oled-compatible-glare-free-ls32dg800snxza-warranty/dp/B0DHJ8B7TP?tag=techstackglob-20","nofollow noopener sponsored","nofollow noopener sponsored","_blank","_blank"
"posts\bose-qc-ultra-review.html","https://www.amazon.com/Bose-QuietComfort-Bluetooth-Headphones-Cancelling/dp/B0FDKR293G?crid=1KHNAVTN1KQ9T&dib=eyJ2IjoiMSJ9._srgW9LRct0bSSDvw-P8_4m28NFgQr_WqYPeq7NoLscgQzPKLz5QJ2Y3n9rHV7EaKJNdATmT5pI5XB1Y7TcI0Hm7yrOmp0W1NgqUTFqHAL3dXWzWXjP8GUr64_x5Eoc9QvvvPWYgYE6nT1kWulqcxoAk7UtqwLkhE4KM5qgkYyrgeW4SnXRidEVQI73EK5Lpgbm6L1LmRKgrYUyccy1TKR5I3-LnEyfc-lb0vxiY8oA.sKPw9z6-4aQgVjku0Na6khNQ1uUYFCHtOFpxXB67i8M&dib_tag=se&keywords=Bose%2BQuietComfort%2BUltra&qid=1772548602&sprefix=bose%2Bquietcomfort%2Bultra%2Caps%2C381&sr=8-2&th=1&linkCode=ll2&tag=techstackglob-20&linkId=32e87ac81374b7277a2b1e839f6ec178&language=en_US&ref_=as_li_ss_tl","https://www.amazon.com/Bose-QuietComfort-Bluetooth-Headphones-Cancelling/dp/B0FDKR293G?crid=1KHNAVTN1KQ9T&dib=eyJ2IjoiMSJ9._srgW9LRct0bSSDvw-P8_4m28NFgQr_WqYPeq7NoLscgQzPKLz5QJ2Y3n9rHV7EaKJNdATmT5pI5XB1Y7TcI0Hm7yrOmp0W1NgqUTFqHAL3dXWzWXjP8GUr64_x5Eoc9QvvvPWYgYE6nT1kWulqcxoAk7UtqwLkhE4KM5qgkYyrgeW4SnXRidEVQI73EK5Lpgbm6L1LmRKgrYUyccy1TKR5I3-LnEyfc-lb0vxiY8oA.sKPw9z6-4aQgVjku0Na6khNQ1uUYFCHtOFpxXB67i8M&dib_tag=se&keywords=Bose%2BQuietComfort%2BUltra&qid=1772548602&sprefix=bose%2Bquietcomfort%2Bultra%2Caps%2C381&sr=8-2&th=1&linkCode=ll2&tag=techstackglob-20&linkId=32e87ac81374b7277a2b1e839f6ec178&language=en_US&ref_=as_li_ss_tl","nofollow noopener sponsored","nofollow noopener sponsored","_blank","_blank"
"posts\bose-qc-ultra-review.html","https://www.amazon.com/Bose-QuietComfort-Bluetooth-Headphones-Cancelling/dp/B0FDKR293G?crid=1KHNAVTN1KQ9T&dib=eyJ2IjoiMSJ9._srgW9LRct0bSSDvw-P8_4m28NFgQr_WqYPeq7NoLscgQzPKLz5QJ2Y3n9rHV7EaKJNdATmT5pI5XB1Y7TcI0Hm7yrOmp0W1NgqUTFqHAL3dXWzWXjP8GUr64_x5Eoc9QvvvPWYgYE6nT1kWulqcxoAk7UtqwLkhE4KM5qgkYyrgeW4SnXRidEVQI73EK5Lpgbm6L1LmRKgrYUyccy1TKR5I3-LnEyfc-lb0vxiY8oA.sKPw9z6-4aQgVjku0Na6khNQ1uUYFCHtOFpxXB67i8M&dib_tag=se&keywords=Bose%2BQuietComfort%2BUltra&qid=1772548602&sprefix=bose%2Bquietcomfort%2Bultra%2Caps%2C381&sr=8-2&th=1&linkCode=ll2&tag=techstackglob-20&linkId=32e87ac81374b7277a2b1e839f6ec178&language=en_US&ref_=as_li_ss_tl","https://www.amazon.com/Bose-QuietComfort-Bluetooth-Headphones-Cancelling/dp/B0FDKR293G?crid=1KHNAVTN1KQ9T&dib=eyJ2IjoiMSJ9._srgW9LRct0bSSDvw-P8_4m28NFgQr_WqYPeq7NoLscgQzPKLz5QJ2Y3n9rHV7EaKJNdATmT5pI5XB1Y7TcI0Hm7yrOmp0W1NgqUTFqHAL3dXWzWXjP8GUr64_x5Eoc9QvvvPWYgYE6nT1kWulqcxoAk7UtqwLkhE4KM5qgkYyrgeW4SnXRidEVQI73EK5Lpgbm6L1LmRKgrYUyccy1TKR5I3-LnEyfc-lb0vxiY8oA.sKPw9z6-4aQgVjku0Na6khNQ1uUYFCHtOFpxXB67i8M&dib_tag=se&keywords=Bose%2BQuietComfort%2BUltra&qid=1772548602&sprefix=bose%2Bquietcomfort%2Bultra%2Caps%2C381&sr=8-2&th=1&linkCode=ll2&tag=techstackglob-20&linkId=32e87ac81374b7277a2b1e839f6ec178&language=en_US&ref_=as_li_ss_tl","nofollow noopener sponsored","nofollow noopener sponsored","_blank","_blank"
"posts\bose-qc-ultra-review.html","https://www.amazon.com/Bose-QuietComfort-Bluetooth-Headphones-Cancelling/dp/B0FDKR293G?crid=1KHNAVTN1KQ9T&dib=eyJ2IjoiMSJ9._srgW9LRct0bSSDvw-P8_4m28NFgQr_WqYPeq7NoLscgQzPKLz5QJ2Y3n9rHV7EaKJNdATmT5pI5XB1Y7TcI0Hm7yrOmp0W1NgqUTFqHAL3dXWzWXjP8GUr64_x5Eoc9QvvvPWYgYE6nT1kWulqcxoAk7UtqwLkhE4KM5qgkYyrgeW4SnXRidEVQI73EK5Lpgbm6L1LmRKgrYUyccy1TKR5I3-LnEyfc-lb0vxiY8oA.sKPw9z6-4aQgVjku0Na6khNQ1uUYFCHtOFpxXB67i8M&dib_tag=se&keywords=Bose%2BQuietComfort%2BUltra&qid=1772548602&sprefix=bose%2Bquietcomfort%2Bultra%2Caps%2C381&sr=8-2&th=1&linkCode=ll2&tag=techstackglob-20&linkId=32e87ac81374b7277a2b1e839f6ec178&language=en_US&ref_=as_li_ss_tl","https://www.amazon.com/Bose-QuietComfort-Bluetooth-Headphones-Cancelling/dp/B0FDKR293G?crid=1KHNAVTN1KQ9T&dib=eyJ2IjoiMSJ9._srgW9LRct0bSSDvw-P8_4m28NFgQr_WqYPeq7NoLscgQzPKLz5QJ2Y3n9rHV7EaKJNdATmT5pI5XB1Y7TcI0Hm7yrOmp0W1NgqUTFqHAL3dXWzWXjP8GUr64_x5Eoc9QvvvPWYgYE6nT1kWulqcxoAk7UtqwLkhE4KM5qgkYyrgeW4SnXRidEVQI73EK5Lpgbm6L1LmRKgrYUyccy1TKR5I3-LnEyfc-lb0vxiY8oA.sKPw9z6-4aQgVjku0Na6khNQ1uUYFCHtOFpxXB67i8M&dib_tag=se&keywords=Bose%2BQuietComfort%2BUltra&qid=1772548602&sprefix=bose%2Bquietcomfort%2Bultra%2Caps%2C381&sr=8-2&th=1&linkCode=ll2&tag=techstackglob-20&linkId=32e87ac81374b7277a2b1e839f6ec178&language=en_US&ref_=as_li_ss_tl","nofollow noopener sponsored","nofollow noopener sponsored","_blank","_blank"
"posts\budget-laptops-under-1000.html","https://amazon.com","https://amazon.com?tag=techstackglob-20","","nofollow noopener sponsored","_blank","_blank"
"posts\dell-thunderbolt-smart-dock-review.html","https://www.amazon.com/Dell-SD25TB4-Thunderbolt-Smart-Dock/dp/B0FBXD383M?crid=21MFXQ16XIMJR&amp;dib=eyJ2IjoiMSJ9.Iq8Z645kgINOiD7X42PX2w1XA9ZgzpQr7aL-JACWTPyIY3mf0wAqqogn6DuV8QiA11lvETPoNwsamLgjv8LwDkYHLKHt7xXE4jEjz00GMtiKVGQ8H2RB9BvPHwwHkiYYuycdCuy73RHSXpoJ-s5kgZwAuflDGVeVDi38sM9uF9bd3pPMTiMi8t36y9XwD7AOg2Kq0X0Ng6yR5ygrmfzdhKdq0aJIN6fdAMPb0_2LErM.U7YTCD7HTApGWGwRDNvSC5DMZ_fuMrEmw-DKZxSRtlE&amp;dib_tag=se&amp;keywords=CalDigit+TS3+Plus+%2F+Thunderbolt+4+Dock&amp;qid=1772074823&amp;sprefix=caldigit+ts3+plus+%2F+thunderbolt+4+dock%2Caps%2C596&amp;sr=8-15&amp;linkCode=ll2&amp;tag=techstackglob-20&amp;linkId=548f404229053adf029156ec0d6223f8&amp;language=en_US&amp;ref_=as_li_ss_tl","https://www.amazon.com/Dell-SD25TB4-Thunderbolt-Smart-Dock/dp/B0FBXD383M?crid=21MFXQ16XIMJR&amp;dib=eyJ2IjoiMSJ9.Iq8Z645kgINOiD7X42PX2w1XA9ZgzpQr7aL-JACWTPyIY3mf0wAqqogn6DuV8QiA11lvETPoNwsamLgjv8LwDkYHLKHt7xXE4jEjz00GMtiKVGQ8H2RB9BvPHwwHkiYYuycdCuy73RHSXpoJ-s5kgZwAuflDGVeVDi38sM9uF9bd3pPMTiMi8t36y9XwD7AOg2Kq0X0Ng6yR5ygrmfzdhKdq0aJIN6fdAMPb0_2LErM.U7YTCD7HTApGWGwRDNvSC5DMZ_fuMrEmw-DKZxSRtlE&amp;dib_tag=se&amp;keywords=CalDigit+TS3+Plus+%2F+Thunderbolt+4+Dock&amp;qid=1772074823&amp;sprefix=caldigit+ts3+plus+%2F+thunderbolt+4+dock%2Caps%2C596&amp;sr=8-15&amp;linkCode=ll2&amp;tag=techstackglob-20&amp;linkId=548f404229053adf029156ec0d6223f8&amp;language=en_US&amp;ref_=as_li_ss_tl","sponsored","sponsored nofollow noopener","_blank","_blank"
"posts\dell-thunderbolt-smart-dock-review.html","https://www.amazon.com/Dell-SD25TB4-Thunderbolt-Smart-Dock/dp/B0FBXD383M?tag=techstackglob-20","https://www.amazon.com/Dell-SD25TB4-Thunderbolt-Smart-Dock/dp/B0FBXD383M?tag=techstackglob-20","sponsored","sponsored nofollow noopener","_blank","_blank"
"posts\dell-thunderbolt-smart-dock-review.html","https://www.amazon.com/Dell-SD25TB4-Thunderbolt-Smart-Dock/dp/B0FBXD383M?tag=techstackglob-20","https://www.amazon.com/Dell-SD25TB4-Thunderbolt-Smart-Dock/dp/B0FBXD383M?tag=techstackglob-20","sponsored","sponsored nofollow noopener","_blank","_blank"
"posts\dell-thunderbolt-smart-dock-review.html","https://www.amazon.com/Dell-SD25TB4-Thunderbolt-Smart-Dock/dp/B0FBXD383M?tag=techstackglob-20","https://www.amazon.com/Dell-SD25TB4-Thunderbolt-Smart-Dock/dp/B0FBXD383M?tag=techstackglob-20","sponsored","sponsored nofollow noopener","_blank","_blank"
"posts\dell-xps-15-9530-review.html","https://www.amazon.com/Dell-9000-9530-15-6-Notebook/dp/B0CDNTRB2V?tag=techstackglob-20","https://www.amazon.com/Dell-9000-9530-15-6-Notebook/dp/B0CDNTRB2V?tag=techstackglob-20","sponsored","sponsored nofollow noopener","_blank","_blank"
"posts\dell-xps-15-9530-review.html","https://www.amazon.com/Dell-9000-9530-15-6-Notebook/dp/B0CDNTRB2V?tag=techstackglob-20","https://www.amazon.com/Dell-9000-9530-15-6-Notebook/dp/B0CDNTRB2V?tag=techstackglob-20","sponsored","sponsored nofollow noopener","_blank","_blank"
"posts\dell-xps-15-9530-review.html","https://www.amazon.com/Dell-9000-9530-15-6-Notebook/dp/B0CDNTRB2V?tag=techstackglob-20","https://www.amazon.com/Dell-9000-9530-15-6-Notebook/dp/B0CDNTRB2V?tag=techstackglob-20","sponsored","sponsored nofollow noopener","_blank","_blank"
"posts\dell-xps-15-9530-review.html","https://www.amazon.com/Dell-Inspiron-Plus-7430-Laptop/dp/B0CXPGB1S5?tag=techstackglob-20","https://www.amazon.com/Dell-Inspiron-Plus-7430-Laptop/dp/B0CXPGB1S5?tag=techstackglob-20","sponsored","sponsored nofollow noopener","_blank","_blank"
"posts\do-you-need-thunderbolt-dock.html","https://www.amazon.com/Dell-SD25TB4-Thunderbolt-Smart-Dock/dp/B0FBXD383M?tag=techstackglob-20","https://www.amazon.com/Dell-SD25TB4-Thunderbolt-Smart-Dock/dp/B0FBXD383M?tag=techstackglob-20","sponsored","sponsored nofollow noopener","_blank","_blank"
"posts\is-a-4k-monitor-worth-it.html","https://www.amazon.com/LG-27US500-W-Ultrafine-Borderless-DisplayPort/dp/B0D9R7Q449?tag=techstackglob-20","https://www.amazon.com/LG-27US500-W-Ultrafine-Borderless-DisplayPort/dp/B0D9R7Q449?tag=techstackglob-20","sponsored","sponsored nofollow noopener","_blank","_blank"
"posts\is-samsung-990-pro-worth-it.html","https://www.amazon.com/SAMSUNG-Internal-Expansion-MZ-V9P2T0B-AM/dp/B0BHJJ9Y77?tag=techstackglob-20","https://www.amazon.com/SAMSUNG-Internal-Expansion-MZ-V9P2T0B-AM/dp/B0BHJJ9Y77?tag=techstackglob-20","sponsored","sponsored nofollow noopener","_blank","_blank"
"posts\lg-27us500-w-ultrafine-monitor-review.html","https://www.amazon.com/LG-27US500-W-Ultrafine-Borderless-DisplayPort/dp/B0D9R7Q449?crid=37GWAQ65X3EPM&amp;dib=eyJ2IjoiMSJ9.N5fwqsrzZTkJZom3UNiiLHlVVFLXnZKHHQO5ZUufatkYYIw-mjpSICjkDX8a-JOklCJ4RxuLIlwIVUvtSupsallGGC50Ygv2-6yyOIDTjgLzCuE2K-LcZhxDqwdT2d5Ii8yi7zDR4udnp-L_ZZkPoPpQFJc0nXvQzygM7nnbN5sZJvjEyCrsKMl4Pclb3ZA8RYb4OVR7LCGSy7DZdUem6F-2lf70IAuK2NCj3NyYmAQ.qvSE97FR1RYUWSAShb8u4bgvAPFR2GgbvU6KKgIObG0&amp;dib_tag=se&amp;keywords=LG%2B34%22%2BUltraWide%2B%2F%2BUltraFine%2B4K%2Bmonitor&amp;qid=1772074647&amp;sprefix=lg%2B34%2Bultrawide%2B%2F%2Bultrafine%2B4k%2Bmonitor%2Caps%2C402&amp;sr=8-15&amp;th=1&amp;linkCode=ll2&amp;tag=techstackglob-20&amp;linkId=9eb7bb515cdff7fb8380b0083182cba7&amp;language=en_US&amp;ref_=as_li_ss_tl","https://www.amazon.com/LG-27US500-W-Ultrafine-Borderless-DisplayPort/dp/B0D9R7Q449?crid=37GWAQ65X3EPM&amp;dib=eyJ2IjoiMSJ9.N5fwqsrzZTkJZom3UNiiLHlVVFLXnZKHHQO5ZUufatkYYIw-mjpSICjkDX8a-JOklCJ4RxuLIlwIVUvtSupsallGGC50Ygv2-6yyOIDTjgLzCuE2K-LcZhxDqwdT2d5Ii8yi7zDR4udnp-L_ZZkPoPpQFJc0nXvQzygM7nnbN5sZJvjEyCrsKMl4Pclb3ZA8RYb4OVR7LCGSy7DZdUem6F-2lf70IAuK2NCj3NyYmAQ.qvSE97FR1RYUWSAShb8u4bgvAPFR2GgbvU6KKgIObG0&amp;dib_tag=se&amp;keywords=LG%2B34%22%2BUltraWide%2B%2F%2BUltraFine%2B4K%2Bmonitor&amp;qid=1772074647&amp;sprefix=lg%2B34%2Bultrawide%2B%2F%2Bultrafine%2B4k%2Bmonitor%2Caps%2C402&amp;sr=8-15&amp;th=1&amp;linkCode=ll2&amp;tag=techstackglob-20&amp;linkId=9eb7bb515cdff7fb8380b0083182cba7&amp;language=en_US&amp;ref_=as_li_ss_tl","sponsored","sponsored nofollow noopener","_blank","_blank"
"posts\lg-27us500-w-ultrafine-monitor-review.html","https://www.amazon.com/LG-27US500-W-Ultrafine-Borderless-DisplayPort/dp/B0D9R7Q449?tag=techstackglob-20","https://www.amazon.com/LG-27US500-W-Ultrafine-Borderless-DisplayPort/dp/B0D9R7Q449?tag=techstackglob-20","sponsored","sponsored nofollow noopener","_blank","_blank"
"posts\lg-27us500-w-ultrafine-monitor-review.html","https://www.amazon.com/LG-27US500-W-Ultrafine-Borderless-DisplayPort/dp/B0D9R7Q449?tag=techstackglob-20","https://www.amazon.com/LG-27US500-W-Ultrafine-Borderless-DisplayPort/dp/B0D9R7Q449?tag=techstackglob-20","sponsored","sponsored nofollow noopener","_blank","_blank"
"posts\lg-27us500-w-ultrafine-monitor-review.html","https://www.amazon.com/LG-27US500-W-Ultrafine-Borderless-DisplayPort/dp/B0D9R7Q449?tag=techstackglob-20","https://www.amazon.com/LG-27US500-W-Ultrafine-Borderless-DisplayPort/dp/B0D9R7Q449?tag=techstackglob-20","sponsored","sponsored nofollow noopener","_blank","_blank"
"posts\samsung-990-pro-ssd-review.html","https://www.amazon.com/SAMSUNG-Internal-Expansion-MZ-V9P2T0B-AM/dp/B0BHJJ9Y77?crid=2Y8IO4KMDTYS8&amp;dib=eyJ2IjoiMSJ9.XORBqoUf7VCcCcthLuggynTQ19sdws1jGI-k1caMi547_mUlrjnT8b-Dv1yh5rj9LrOz-5p0wLAZEdt-0izXyWPPg3dD0k8csU7vEsct8tQpubEsJUzVdvOhVtzm4hBtDpHLxuqWiJ6wvGHog8P1Ah_lgAM3ktWvwmRUW_lezkv4YouKcmHA9hFO57tPDz7sX5neWbKOPpnNE3PLqk269Cuu4Dawdz9sRZt0HCxF9wI.BvLgWVASsDBW-0liI6m4evGWg_U0g0_iDZKGHRuohQo&amp;dib_tag=se&amp;keywords=Samsung%2B990%2BPro%2BNVMe%2BSSD%2B%28high%2Bcapacity%29%2B%2F%2BPortable%2BSSD%2BPro&amp;nsdOptOutParam=true&amp;qid=1772074494&amp;sprefix=samsung%2B990%2Bpro%2Bnvme%2Bssd%2Bhigh%2Bcapacity%2B%2F%2Bportable%2Bssd%2Bpro%2Caps%2C520&amp;sr=8-2&amp;th=1&amp;linkCode=ll2&amp;tag=techstackglob-20&amp;linkId=5d537c2c0f3181e00c54d513c5239040&amp;language=en_US&amp;ref_=as_li_ss_tl","https://www.amazon.com/SAMSUNG-Internal-Expansion-MZ-V9P2T0B-AM/dp/B0BHJJ9Y77?crid=2Y8IO4KMDTYS8&amp;dib=eyJ2IjoiMSJ9.XORBqoUf7VCcCcthLuggynTQ19sdws1jGI-k1caMi547_mUlrjnT8b-Dv1yh5rj9LrOz-5p0wLAZEdt-0izXyWPPg3dD0k8csU7vEsct8tQpubEsJUzVdvOhVtzm4hBtDpHLxuqWiJ6wvGHog8P1Ah_lgAM3ktWvwmRUW_lezkv4YouKcmHA9hFO57tPDz7sX5neWbKOPpnNE3PLqk269Cuu4Dawdz9sRZt0HCxF9wI.BvLgWVASsDBW-0liI6m4evGWg_U0g0_iDZKGHRuohQo&amp;dib_tag=se&amp;keywords=Samsung%2B990%2BPro%2BNVMe%2BSSD%2B%28high%2Bcapacity%29%2B%2F%2BPortable%2BSSD%2BPro&amp;nsdOptOutParam=true&amp;qid=1772074494&amp;sprefix=samsung%2B990%2Bpro%2Bnvme%2Bssd%2Bhigh%2Bcapacity%2B%2F%2Bportable%2Bssd%2Bpro%2Caps%2C520&amp;sr=8-2&amp;th=1&amp;linkCode=ll2&amp;tag=techstackglob-20&amp;linkId=5d537c2c0f3181e00c54d513c5239040&amp;language=en_US&amp;ref_=as_li_ss_tl","sponsored","sponsored nofollow noopener","_blank","_blank"
"posts\samsung-990-pro-ssd-review.html","https://www.amazon.com/SAMSUNG-Internal-Expansion-MZ-V9P2T0B-AM/dp/B0BHJJ9Y77?tag=techstackglob-20","https://www.amazon.com/SAMSUNG-Internal-Expansion-MZ-V9P2T0B-AM/dp/B0BHJJ9Y77?tag=techstackglob-20","sponsored","sponsored nofollow noopener","_blank","_blank"
"posts\samsung-990-pro-ssd-review.html","https://www.amazon.com/SAMSUNG-Internal-Expansion-MZ-V9P2T0B-AM/dp/B0BHJJ9Y77?tag=techstackglob-20","https://www.amazon.com/SAMSUNG-Internal-Expansion-MZ-V9P2T0B-AM/dp/B0BHJJ9Y77?tag=techstackglob-20","sponsored","sponsored nofollow noopener","_blank","_blank"
"posts\samsung-990-pro-ssd-review.html","https://www.amazon.com/Samsung-980-PRO-SSD-2TB/dp/B08RK2SR23?tag=techstackglob-20","https://www.amazon.com/Samsung-980-PRO-SSD-2TB/dp/B08RK2SR23?tag=techstackglob-20","sponsored","sponsored nofollow noopener","_blank","_blank"
"posts\samsung-990-pro-ssd-review.html","https://www.amazon.com/SAMSUNG-Internal-Expansion-MZ-V9P2T0B-AM/dp/B0BHJJ9Y77?tag=techstackglob-20","https://www.amazon.com/SAMSUNG-Internal-Expansion-MZ-V9P2T0B-AM/dp/B0BHJJ9Y77?tag=techstackglob-20","sponsored","sponsored nofollow noopener","_blank","_blank"
"posts\samsung-odyssey-g8-review.html","https://www.amazon.com/samsung-oled-compatible-glare-free-ls32dg800snxza-warranty/dp/B0DHJ8B7TP?tag=techstackglob-20","https://www.amazon.com/samsung-oled-compatible-glare-free-ls32dg800snxza-warranty/dp/B0DHJ8B7TP?tag=techstackglob-20","nofollow noopener sponsored","nofollow noopener sponsored","_blank","_blank"
"posts\samsung-odyssey-g8-review.html","https://www.amazon.com/samsung-oled-compatible-glare-free-ls32dg800snxza-warranty/dp/B0DHJ8B7TP?tag=techstackglob-20","https://www.amazon.com/samsung-oled-compatible-glare-free-ls32dg800snxza-warranty/dp/B0DHJ8B7TP?tag=techstackglob-20","nofollow noopener sponsored","nofollow noopener sponsored","_blank","_blank"
"posts\samsung-odyssey-g8-review.html","https://www.amazon.com/samsung-oled-compatible-glare-free-ls32dg800snxza-warranty/dp/B0DHJ8B7TP?tag=techstackglob-20","https://www.amazon.com/samsung-oled-compatible-glare-free-ls32dg800snxza-warranty/dp/B0DHJ8B7TP?tag=techstackglob-20","nofollow noopener sponsored","nofollow noopener sponsored","_blank","_blank"
"posts\samsung-odyssey-g8-vs-alienware-aw3423dwf.html","https://www.amazon.com/Alienware-AW3423DWF-Curved-QD-OLED-Monitor/dp/B0BP94J8VD?tag=techstackglob-20","https://www.amazon.com/Alienware-AW3423DWF-Curved-QD-OLED-Monitor/dp/B0BP94J8VD?tag=techstackglob-20","","nofollow noopener sponsored","_blank","_blank"
"posts\samsung-odyssey-g8-vs-alienware-aw3423dwf.html","https://www.amazon.com/samsung-oled-compatible-glare-free-ls32dg800snxza-warranty/dp/B0DHJ8B7TP?tag=techstackglob-20","https://www.amazon.com/samsung-oled-compatible-glare-free-ls32dg800snxza-warranty/dp/B0DHJ8B7TP?tag=techstackglob-20","","nofollow noopener sponsored","_blank","_blank"
"posts\shure-sm7b-review.html","https://www.amazon.com/Shure-Microphone-Wide-Range-Construction-Detachable/dp/B0002E4Z8M?tag=techstackglob-20","https://www.amazon.com/Shure-Microphone-Wide-Range-Construction-Detachable/dp/B0002E4Z8M?tag=techstackglob-20","nofollow noopener sponsored","nofollow noopener sponsored","_blank","_blank"
"posts\shure-sm7b-review.html","https://www.amazon.com/Shure-Microphone-Wide-Range-Construction-Detachable/dp/B0002E4Z8M?tag=techstackglob-20","https://www.amazon.com/Shure-Microphone-Wide-Range-Construction-Detachable/dp/B0002E4Z8M?tag=techstackglob-20","nofollow noopener sponsored","nofollow noopener sponsored","_blank","_blank"
"posts\shure-sm7b-review.html","https://www.amazon.com/Shure-Microphone-Wide-Range-Construction-Detachable/dp/B0002E4Z8M?tag=techstackglob-20","https://www.amazon.com/Shure-Microphone-Wide-Range-Construction-Detachable/dp/B0002E4Z8M?tag=techstackglob-20","nofollow noopener sponsored","nofollow noopener sponsored","_blank","_blank"
"posts\shure-sm7b-review.html","https://www.amazon.com/Shure-Microphone-Wide-Range-Construction-Detachable/dp/B0002E4Z8M?tag=techstackglob-20","https://www.amazon.com/Shure-Microphone-Wide-Range-Construction-Detachable/dp/B0002E4Z8M?tag=techstackglob-20","nofollow noopener sponsored","nofollow noopener sponsored","_blank","_blank"
"posts\shure-sm7b-vs-sm7db.html","https://www.amazon.com/Shure-Microphone-Wide-Range-Construction-Detachable/dp/B0CCSVYWMH?tag=techstackglob-20","https://www.amazon.com/Shure-Microphone-Wide-Range-Construction-Detachable/dp/B0CCSVYWMH?tag=techstackglob-20","nofollow noopener sponsored","nofollow noopener sponsored","_blank","_blank"
"posts\shure-sm7b-vs-sm7db.html","https://www.amazon.com/Shure-Microphone-Wide-Range-Construction-Detachable/dp/B0002E4Z8M?tag=techstackglob-20","https://www.amazon.com/Shure-Microphone-Wide-Range-Construction-Detachable/dp/B0002E4Z8M?tag=techstackglob-20","nofollow noopener sponsored","nofollow noopener sponsored","_blank","_blank"
"posts\shure-sm7b-vs-sm7db.html","https://www.amazon.com/Shure-Microphone-Wide-Range-Construction-Detachable/dp/B0CCSVYWMH?tag=techstackglob-20","https://www.amazon.com/Shure-Microphone-Wide-Range-Construction-Detachable/dp/B0CCSVYWMH?tag=techstackglob-20","nofollow noopener sponsored","nofollow noopener sponsored","_blank","_blank"
"posts\shure-sm7b-vs-sm7db.html","https://www.amazon.com/Shure-Microphone-Wide-Range-Construction-Detachable/dp/B0002E4Z8M?tag=techstackglob-20","https://www.amazon.com/Shure-Microphone-Wide-Range-Construction-Detachable/dp/B0002E4Z8M?tag=techstackglob-20","nofollow noopener sponsored","nofollow noopener sponsored","_blank","_blank"
"posts\shure-sm7db-review.html","https://www.amazon.com/Shure-Microphone-Wide-Range-Construction-Detachable/dp/B0CCSVYWMH?crid=2TXXBJ75IDGHW&amp;dib=eyJ2IjoiMSJ9.RmdIX9qeCx2jmBrUnSwOqjFI4X2kFD9QrtuBHakzXCTbyyN2f2mwfRtBh_P6ySefecxGFiayUDCMeHHUFUuxOTS7kOvI_0n3sgXq60q3EaMeJ3QWywApnLzjIaPuHqGjfqAPXDLamrlkuksC9f0U8ls8_JZVMFnm54Nr4_UXHXGj-HPDFlWfrVtnZeEAj_cDBdGhWKrP1TLof6-qq64NTWkUrI8oU7kAR2amnPs04T0zwoBz9TzpsqO2XPOZoc8bYpQSR3J7WSAuGVD9HoGtdG5dYSxo_hngSEsD6AIcExY.DR8xXnE2Bo5EHtsPsEfU-Xq9p6hcIN1hX_QD4V6utWw&amp;dib_tag=se&amp;keywords=Shure%2BSM7B%2B%28or%2BMV7%2Bfor%2Bsimpler%2Bsetups%29&amp;qid=1772075274&amp;sprefix=%2Caps%2C740&amp;sr=8-6&amp;th=1&amp;linkCode=ll2&amp;tag=techstackglob-20&amp;linkId=bb47041075e474af5cb4afb39ec1fc33&amp;language=en_US&amp;ref_=as_li_ss_tl","https://www.amazon.com/Shure-Microphone-Wide-Range-Construction-Detachable/dp/B0CCSVYWMH?crid=2TXXBJ75IDGHW&amp;dib=eyJ2IjoiMSJ9.RmdIX9qeCx2jmBrUnSwOqjFI4X2kFD9QrtuBHakzXCTbyyN2f2mwfRtBh_P6ySefecxGFiayUDCMeHHUFUuxOTS7kOvI_0n3sgXq60q3EaMeJ3QWywApnLzjIaPuHqGjfqAPXDLamrlkuksC9f0U8ls8_JZVMFnm54Nr4_UXHXGj-HPDFlWfrVtnZeEAj_cDBdGhWKrP1TLof6-qq64NTWkUrI8oU7kAR2amnPs04T0zwoBz9TzpsqO2XPOZoc8bYpQSR3J7WSAuGVD9HoGtdG5dYSxo_hngSEsD6AIcExY.DR8xXnE2Bo5EHtsPsEfU-Xq9p6hcIN1hX_QD4V6utWw&amp;dib_tag=se&amp;keywords=Shure%2BSM7B%2B%28or%2BMV7%2Bfor%2Bsimpler%2Bsetups%29&amp;qid=1772075274&amp;sprefix=%2Caps%2C740&amp;sr=8-6&amp;th=1&amp;linkCode=ll2&amp;tag=techstackglob-20&amp;linkId=bb47041075e474af5cb4afb39ec1fc33&amp;language=en_US&amp;ref_=as_li_ss_tl","nofollow noopener sponsored","nofollow noopener sponsored","_blank","_blank"
"posts\shure-sm7db-review.html","https://www.amazon.com/Shure-Microphone-Wide-Range-Construction-Detachable/dp/B0CCSVYWMH?crid=2TXXBJ75IDGHW&amp;dib=eyJ2IjoiMSJ9.RmdIX9qeCx2jmBrUnSwOqjFI4X2kFD9QrtuBHakzXCTbyyN2f2mwfRtBh_P6ySefecxGFiayUDCMeHHUFUuxOTS7kOvI_0n3sgXq60q3EaMeJ3QWywApnLzjIaPuHqGjfqAPXDLamrlkuksC9f0U8ls8_JZVMFnm54Nr4_UXHXGj-HPDFlWfrVtnZeEAj_cDBdGhWKrP1TLof6-qq64NTWkUrI8oU7kAR2amnPs04T0zwoBz9TzpsqO2XPOZoc8bYpQSR3J7WSAuGVD9HoGtdG5dYSxo_hngSEsD6AIcExY.DR8xXnE2Bo5EHtsPsEfU-Xq9p6hcIN1hX_QD4V6utWw&amp;dib_tag=se&amp;keywords=Shure%2BSM7B%2B%28or%2BMV7%2Bfor%2Bsimpler%2Bsetups%29&amp;qid=1772075274&amp;sprefix=%2Caps%2C740&amp;sr=8-6&amp;th=1&amp;linkCode=ll2&amp;tag=techstackglob-20&amp;linkId=bb47041075e474af5cb4afb39ec1fc33&amp;language=en_US&amp;ref_=as_li_ss_tl","https://www.amazon.com/Shure-Microphone-Wide-Range-Construction-Detachable/dp/B0CCSVYWMH?crid=2TXXBJ75IDGHW&amp;dib=eyJ2IjoiMSJ9.RmdIX9qeCx2jmBrUnSwOqjFI4X2kFD9QrtuBHakzXCTbyyN2f2mwfRtBh_P6ySefecxGFiayUDCMeHHUFUuxOTS7kOvI_0n3sgXq60q3EaMeJ3QWywApnLzjIaPuHqGjfqAPXDLamrlkuksC9f0U8ls8_JZVMFnm54Nr4_UXHXGj-HPDFlWfrVtnZeEAj_cDBdGhWKrP1TLof6-qq64NTWkUrI8oU7kAR2amnPs04T0zwoBz9TzpsqO2XPOZoc8bYpQSR3J7WSAuGVD9HoGtdG5dYSxo_hngSEsD6AIcExY.DR8xXnE2Bo5EHtsPsEfU-Xq9p6hcIN1hX_QD4V6utWw&amp;dib_tag=se&amp;keywords=Shure%2BSM7B%2B%28or%2BMV7%2Bfor%2Bsimpler%2Bsetups%29&amp;qid=1772075274&amp;sprefix=%2Caps%2C740&amp;sr=8-6&amp;th=1&amp;linkCode=ll2&amp;tag=techstackglob-20&amp;linkId=bb47041075e474af5cb4afb39ec1fc33&amp;language=en_US&amp;ref_=as_li_ss_tl","nofollow noopener sponsored","nofollow noopener sponsored","_blank","_blank"
"posts\shure-sm7db-review.html","https://www.amazon.com/Shure-Microphone-Wide-Range-Construction-Detachable/dp/B0CCSVYWMH?crid=2TXXBJ75IDGHW&amp;dib=eyJ2IjoiMSJ9.RmdIX9qeCx2jmBrUnSwOqjFI4X2kFD9QrtuBHakzXCTbyyN2f2mwfRtBh_P6ySefecxGFiayUDCMeHHUFUuxOTS7kOvI_0n3sgXq60q3EaMeJ3QWywApnLzjIaPuHqGjfqAPXDLamrlkuksC9f0U8ls8_JZVMFnm54Nr4_UXHXGj-HPDFlWfrVtnZeEAj_cDBdGhWKrP1TLof6-qq64NTWkUrI8oU7kAR2amnPs04T0zwoBz9TzpsqO2XPOZoc8bYpQSR3J7WSAuGVD9HoGtdG5dYSxo_hngSEsD6AIcExY.DR8xXnE2Bo5EHtsPsEfU-Xq9p6hcIN1hX_QD4V6utWw&amp;dib_tag=se&amp;keywords=Shure%2BSM7B%2B%28or%2BMV7%2Bfor%2Bsimpler%2Bsetups%29&amp;qid=1772075274&amp;sprefix=%2Caps%2C740&amp;sr=8-6&amp;th=1&amp;linkCode=ll2&amp;tag=techstackglob-20&amp;linkId=bb47041075e474af5cb4afb39ec1fc33&amp;language=en_US&amp;ref_=as_li_ss_tl","https://www.amazon.com/Shure-Microphone-Wide-Range-Construction-Detachable/dp/B0CCSVYWMH?crid=2TXXBJ75IDGHW&amp;dib=eyJ2IjoiMSJ9.RmdIX9qeCx2jmBrUnSwOqjFI4X2kFD9QrtuBHakzXCTbyyN2f2mwfRtBh_P6ySefecxGFiayUDCMeHHUFUuxOTS7kOvI_0n3sgXq60q3EaMeJ3QWywApnLzjIaPuHqGjfqAPXDLamrlkuksC9f0U8ls8_JZVMFnm54Nr4_UXHXGj-HPDFlWfrVtnZeEAj_cDBdGhWKrP1TLof6-qq64NTWkUrI8oU7kAR2amnPs04T0zwoBz9TzpsqO2XPOZoc8bYpQSR3J7WSAuGVD9HoGtdG5dYSxo_hngSEsD6AIcExY.DR8xXnE2Bo5EHtsPsEfU-Xq9p6hcIN1hX_QD4V6utWw&amp;dib_tag=se&amp;keywords=Shure%2BSM7B%2B%28or%2BMV7%2Bfor%2Bsimpler%2Bsetups%29&amp;qid=1772075274&amp;sprefix=%2Caps%2C740&amp;sr=8-6&amp;th=1&amp;linkCode=ll2&amp;tag=techstackglob-20&amp;linkId=bb47041075e474af5cb4afb39ec1fc33&amp;language=en_US&amp;ref_=as_li_ss_tl","nofollow noopener sponsored","nofollow noopener sponsored","_blank","_blank"
"posts\shure-sm7db-review.html","https://www.amazon.com/Shure-Microphone-Wide-Range-Construction-Detachable/dp/B0CCSVYWMH?crid=2TXXBJ75IDGHW&amp;dib=eyJ2IjoiMSJ9.RmdIX9qeCx2jmBrUnSwOqjFI4X2kFD9QrtuBHakzXCTbyyN2f2mwfRtBh_P6ySefecxGFiayUDCMeHHUFUuxOTS7kOvI_0n3sgXq60q3EaMeJ3QWywApnLzjIaPuHqGjfqAPXDLamrlkuksC9f0U8ls8_JZVMFnm54Nr4_UXHXGj-HPDFlWfrVtnZeEAj_cDBdGhWKrP1TLof6-qq64NTWkUrI8oU7kAR2amnPs04T0zwoBz9TzpsqO2XPOZoc8bYpQSR3J7WSAuGVD9HoGtdG5dYSxo_hngSEsD6AIcExY.DR8xXnE2Bo5EHtsPsEfU-Xq9p6hcIN1hX_QD4V6utWw&amp;dib_tag=se&amp;keywords=Shure%2BSM7B%2B%28or%2BMV7%2Bfor%2Bsimpler%2Bsetups%29&amp;qid=1772075274&amp;sprefix=%2Caps%2C740&amp;sr=8-6&amp;th=1&amp;linkCode=ll2&amp;tag=techstackglob-20&amp;linkId=bb47041075e474af5cb4afb39ec1fc33&amp;language=en_US&amp;ref_=as_li_ss_tl","https://www.amazon.com/Shure-Microphone-Wide-Range-Construction-Detachable/dp/B0CCSVYWMH?crid=2TXXBJ75IDGHW&amp;dib=eyJ2IjoiMSJ9.RmdIX9qeCx2jmBrUnSwOqjFI4X2kFD9QrtuBHakzXCTbyyN2f2mwfRtBh_P6ySefecxGFiayUDCMeHHUFUuxOTS7kOvI_0n3sgXq60q3EaMeJ3QWywApnLzjIaPuHqGjfqAPXDLamrlkuksC9f0U8ls8_JZVMFnm54Nr4_UXHXGj-HPDFlWfrVtnZeEAj_cDBdGhWKrP1TLof6-qq64NTWkUrI8oU7kAR2amnPs04T0zwoBz9TzpsqO2XPOZoc8bYpQSR3J7WSAuGVD9HoGtdG5dYSxo_hngSEsD6AIcExY.DR8xXnE2Bo5EHtsPsEfU-Xq9p6hcIN1hX_QD4V6utWw&amp;dib_tag=se&amp;keywords=Shure%2BSM7B%2B%28or%2BMV7%2Bfor%2Bsimpler%2Bsetups%29&amp;qid=1772075274&amp;sprefix=%2Caps%2C740&amp;sr=8-6&amp;th=1&amp;linkCode=ll2&amp;tag=techstackglob-20&amp;linkId=bb47041075e474af5cb4afb39ec1fc33&amp;language=en_US&amp;ref_=as_li_ss_tl","nofollow noopener sponsored","nofollow noopener sponsored","_blank","_blank"
"posts\shure-sm7db-review.html","https://www.amazon.com/Shure-Microphone-Wide-Range-Construction-Detachable/dp/B0CCSVYWMH?crid=2TXXBJ75IDGHW&amp;dib=eyJ2IjoiMSJ9.RmdIX9qeCx2jmBrUnSwOqjFI4X2kFD9QrtuBHakzXCTbyyN2f2mwfRtBh_P6ySefecxGFiayUDCMeHHUFUuxOTS7kOvI_0n3sgXq60q3EaMeJ3QWywApnLzjIaPuHqGjfqAPXDLamrlkuksC9f0U8ls8_JZVMFnm54Nr4_UXHXGj-HPDFlWfrVtnZeEAj_cDBdGhWKrP1TLof6-qq64NTWkUrI8oU7kAR2amnPs04T0zwoBz9TzpsqO2XPOZoc8bYpQSR3J7WSAuGVD9HoGtdG5dYSxo_hngSEsD6AIcExY.DR8xXnE2Bo5EHtsPsEfU-Xq9p6hcIN1hX_QD4V6utWw&amp;dib_tag=se&amp;keywords=Shure%2BSM7B%2B%28or%2BMV7%2Bfor%2Bsimpler%2Bsetups%29&amp;qid=1772075274&amp;sprefix=%2Caps%2C740&amp;sr=8-6&amp;th=1&amp;linkCode=ll2&amp;tag=techstackglob-20&amp;linkId=bb47041075e474af5cb4afb39ec1fc33&amp;language=en_US&amp;ref_=as_li_ss_tl","https://www.amazon.com/Shure-Microphone-Wide-Range-Construction-Detachable/dp/B0CCSVYWMH?crid=2TXXBJ75IDGHW&amp;dib=eyJ2IjoiMSJ9.RmdIX9qeCx2jmBrUnSwOqjFI4X2kFD9QrtuBHakzXCTbyyN2f2mwfRtBh_P6ySefecxGFiayUDCMeHHUFUuxOTS7kOvI_0n3sgXq60q3EaMeJ3QWywApnLzjIaPuHqGjfqAPXDLamrlkuksC9f0U8ls8_JZVMFnm54Nr4_UXHXGj-HPDFlWfrVtnZeEAj_cDBdGhWKrP1TLof6-qq64NTWkUrI8oU7kAR2amnPs04T0zwoBz9TzpsqO2XPOZoc8bYpQSR3J7WSAuGVD9HoGtdG5dYSxo_hngSEsD6AIcExY.DR8xXnE2Bo5EHtsPsEfU-Xq9p6hcIN1hX_QD4V6utWw&amp;dib_tag=se&amp;keywords=Shure%2BSM7B%2B%28or%2BMV7%2Bfor%2Bsimpler%2Bsetups%29&amp;qid=1772075274&amp;sprefix=%2Caps%2C740&amp;sr=8-6&amp;th=1&amp;linkCode=ll2&amp;tag=techstackglob-20&amp;linkId=bb47041075e474af5cb4afb39ec1fc33&amp;language=en_US&amp;ref_=as_li_ss_tl","nofollow noopener sponsored","nofollow noopener sponsored","_blank","_blank"
"posts\sony-wh-1000xm5-review.html","https://www.amazon.com/Sony-WH-1000XM5-Canceling-Headphones-Hands-Free/dp/B09XS7JWHH?crid=22DNQ5U3ZZ6Y9&dib=eyJ2IjoiMSJ9.NI8Of3Dj21eEjBNTj6fHcVa-PKyct7nVKDFKwFupSIAAKXgAWfZ_kXdQyTEVhQt3y9nn-0KHgAlQGZZGIV8QUb4y1mMuAFQiixljhN9xtEry7BvnlL43Hl0tca5P0jRuIC5-t9seHoENnw-uilU326EClXrBMbu8acDfD0eguRZwnvbH_JaVKFMFEMTFyYlc6unD6Nj2LX0sC0YzZ9PoamKgNOnYSejsjAf770izSQY.vcZkaetBUdDl_nm9e2xA8t1mkhjStOKRZ32fE3V3iXg&dib_tag=se&keywords=Sony%2BWH-1000XM5&qid=1772548375&sprefix=sony%2Bwh-1000xm5%2Caps%2C393&sr=8-1&th=1&linkCode=ll2&tag=techstackglob-20&linkId=f609302b85743c2d112fbdd57c8f1560&language=en_US&ref_=as_li_ss_tl","https://www.amazon.com/Sony-WH-1000XM5-Canceling-Headphones-Hands-Free/dp/B09XS7JWHH?crid=22DNQ5U3ZZ6Y9&dib=eyJ2IjoiMSJ9.NI8Of3Dj21eEjBNTj6fHcVa-PKyct7nVKDFKwFupSIAAKXgAWfZ_kXdQyTEVhQt3y9nn-0KHgAlQGZZGIV8QUb4y1mMuAFQiixljhN9xtEry7BvnlL43Hl0tca5P0jRuIC5-t9seHoENnw-uilU326EClXrBMbu8acDfD0eguRZwnvbH_JaVKFMFEMTFyYlc6unD6Nj2LX0sC0YzZ9PoamKgNOnYSejsjAf770izSQY.vcZkaetBUdDl_nm9e2xA8t1mkhjStOKRZ32fE3V3iXg&dib_tag=se&keywords=Sony%2BWH-1000XM5&qid=1772548375&sprefix=sony%2Bwh-1000xm5%2Caps%2C393&sr=8-1&th=1&linkCode=ll2&tag=techstackglob-20&linkId=f609302b85743c2d112fbdd57c8f1560&language=en_US&ref_=as_li_ss_tl","nofollow noopener sponsored","nofollow noopener sponsored","_blank","_blank"
"posts\sony-wh-1000xm5-review.html","https://www.amazon.com/Sony-WH-1000XM5-Canceling-Headphones-Hands-Free/dp/B09XS7JWHH?crid=22DNQ5U3ZZ6Y9&dib=eyJ2IjoiMSJ9.NI8Of3Dj21eEjBNTj6fHcVa-PKyct7nVKDFKwFupSIAAKXgAWfZ_kXdQyTEVhQt3y9nn-0KHgAlQGZZGIV8QUb4y1mMuAFQiixljhN9xtEry7BvnlL43Hl0tca5P0jRuIC5-t9seHoENnw-uilU326EClXrBMbu8acDfD0eguRZwnvbH_JaVKFMFEMTFyYlc6unD6Nj2LX0sC0YzZ9PoamKgNOnYSejsjAf770izSQY.vcZkaetBUdDl_nm9e2xA8t1mkhjStOKRZ32fE3V3iXg&dib_tag=se&keywords=Sony%2BWH-1000XM5&qid=1772548375&sprefix=sony%2Bwh-1000xm5%2Caps%2C393&sr=8-1&th=1&linkCode=ll2&tag=techstackglob-20&linkId=f609302b85743c2d112fbdd57c8f1560&language=en_US&ref_=as_li_ss_tl","https://www.amazon.com/Sony-WH-1000XM5-Canceling-Headphones-Hands-Free/dp/B09XS7JWHH?crid=22DNQ5U3ZZ6Y9&dib=eyJ2IjoiMSJ9.NI8Of3Dj21eEjBNTj6fHcVa-PKyct7nVKDFKwFupSIAAKXgAWfZ_kXdQyTEVhQt3y9nn-0KHgAlQGZZGIV8QUb4y1mMuAFQiixljhN9xtEry7BvnlL43Hl0tca5P0jRuIC5-t9seHoENnw-uilU326EClXrBMbu8acDfD0eguRZwnvbH_JaVKFMFEMTFyYlc6unD6Nj2LX0sC0YzZ9PoamKgNOnYSejsjAf770izSQY.vcZkaetBUdDl_nm9e2xA8t1mkhjStOKRZ32fE3V3iXg&dib_tag=se&keywords=Sony%2BWH-1000XM5&qid=1772548375&sprefix=sony%2Bwh-1000xm5%2Caps%2C393&sr=8-1&th=1&linkCode=ll2&tag=techstackglob-20&linkId=f609302b85743c2d112fbdd57c8f1560&language=en_US&ref_=as_li_ss_tl","nofollow noopener sponsored","nofollow noopener sponsored","_blank","_blank"
"posts\sony-wh-1000xm5-review.html","https://www.amazon.com/Sony-WH-1000XM5-Canceling-Headphones-Hands-Free/dp/B09XS7JWHH?crid=22DNQ5U3ZZ6Y9&dib=eyJ2IjoiMSJ9.NI8Of3Dj21eEjBNTj6fHcVa-PKyct7nVKDFKwFupSIAAKXgAWfZ_kXdQyTEVhQt3y9nn-0KHgAlQGZZGIV8QUb4y1mMuAFQiixljhN9xtEry7BvnlL43Hl0tca5P0jRuIC5-t9seHoENnw-uilU326EClXrBMbu8acDfD0eguRZwnvbH_JaVKFMFEMTFyYlc6unD6Nj2LX0sC0YzZ9PoamKgNOnYSejsjAf770izSQY.vcZkaetBUdDl_nm9e2xA8t1mkhjStOKRZ32fE3V3iXg&dib_tag=se&keywords=Sony%2BWH-1000XM5&qid=1772548375&sprefix=sony%2Bwh-1000xm5%2Caps%2C393&sr=8-1&th=1&linkCode=ll2&tag=techstackglob-20&linkId=f609302b85743c2d112fbdd57c8f1560&language=en_US&ref_=as_li_ss_tl","https://www.amazon.com/Sony-WH-1000XM5-Canceling-Headphones-Hands-Free/dp/B09XS7JWHH?crid=22DNQ5U3ZZ6Y9&dib=eyJ2IjoiMSJ9.NI8Of3Dj21eEjBNTj6fHcVa-PKyct7nVKDFKwFupSIAAKXgAWfZ_kXdQyTEVhQt3y9nn-0KHgAlQGZZGIV8QUb4y1mMuAFQiixljhN9xtEry7BvnlL43Hl0tca5P0jRuIC5-t9seHoENnw-uilU326EClXrBMbu8acDfD0eguRZwnvbH_JaVKFMFEMTFyYlc6unD6Nj2LX0sC0YzZ9PoamKgNOnYSejsjAf770izSQY.vcZkaetBUdDl_nm9e2xA8t1mkhjStOKRZ32fE3V3iXg&dib_tag=se&keywords=Sony%2BWH-1000XM5&qid=1772548375&sprefix=sony%2Bwh-1000xm5%2Caps%2C393&sr=8-1&th=1&linkCode=ll2&tag=techstackglob-20&linkId=f609302b85743c2d112fbdd57c8f1560&language=en_US&ref_=as_li_ss_tl","nofollow noopener sponsored","nofollow noopener sponsored","_blank","_blank"
"posts\sony-xm5-vs-bose-qc-ultra.html","https://www.amazon.com/Sony-WH-1000XM5-Canceling-Headphones-Hands-Free/dp/B09XS7JWHH?crid=22DNQ5U3ZZ6Y9&dib=eyJ2IjoiMSJ9.NI8Of3Dj21eEjBNTj6fHcVa-PKyct7nVKDFKwFupSIAAKXgAWfZ_kXdQyTEVhQt3y9nn-0KHgAlQGZZGIV8QUb4y1mMuAFQiixljhN9xtEry7BvnlL43Hl0tca5P0jRuIC5-t9seHoENnw-uilU326EClXrBMbu8acDfD0eguRZwnvbH_JaVKFMFEMTFyYlc6unD6Nj2LX0sC0YzZ9PoamKgNOnYSejsjAf770izSQY.vcZkaetBUdDl_nm9e2xA8t1mkhjStOKRZ32fE3V3iXg&dib_tag=se&keywords=Sony%2BWH-1000XM5&qid=1772548375&sprefix=sony%2Bwh-1000xm5%2Caps%2C393&sr=8-1&th=1&linkCode=ll2&tag=techstackglob-20&linkId=f609302b85743c2d112fbdd57c8f1560&language=en_US&ref_=as_li_ss_tl","https://www.amazon.com/Sony-WH-1000XM5-Canceling-Headphones-Hands-Free/dp/B09XS7JWHH?crid=22DNQ5U3ZZ6Y9&dib=eyJ2IjoiMSJ9.NI8Of3Dj21eEjBNTj6fHcVa-PKyct7nVKDFKwFupSIAAKXgAWfZ_kXdQyTEVhQt3y9nn-0KHgAlQGZZGIV8QUb4y1mMuAFQiixljhN9xtEry7BvnlL43Hl0tca5P0jRuIC5-t9seHoENnw-uilU326EClXrBMbu8acDfD0eguRZwnvbH_JaVKFMFEMTFyYlc6unD6Nj2LX0sC0YzZ9PoamKgNOnYSejsjAf770izSQY.vcZkaetBUdDl_nm9e2xA8t1mkhjStOKRZ32fE3V3iXg&dib_tag=se&keywords=Sony%2BWH-1000XM5&qid=1772548375&sprefix=sony%2Bwh-1000xm5%2Caps%2C393&sr=8-1&th=1&linkCode=ll2&tag=techstackglob-20&linkId=f609302b85743c2d112fbdd57c8f1560&language=en_US&ref_=as_li_ss_tl","nofollow noopener sponsored","nofollow noopener sponsored","_blank","_blank"
"posts\sony-xm5-vs-bose-qc-ultra.html","https://www.amazon.com/Bose-QuietComfort-Bluetooth-Headphones-Cancelling/dp/B0FDKR293G?crid=1KHNAVTN1KQ9T&dib=eyJ2IjoiMSJ9._srgW9LRct0bSSDvw-P8_4m28NFgQr_WqYPeq7NoLscgQzPKLz5QJ2Y3n9rHV7EaKJNdATmT5pI5XB1Y7TcI0Hm7yrOmp0W1NgqUTFqHAL3dXWzWXjP8GUr64_x5Eoc9QvvvPWYgYE6nT1kWulqcxoAk7UtqwLkhE4KM5qgkYyrgeW4SnXRidEVQI73EK5Lpgbm6L1LmRKgrYUyccy1TKR5I3-LnEyfc-lb0vxiY8oA.sKPw9z6-4aQgVjku0Na6khNQ1uUYFCHtOFpxXB67i8M&dib_tag=se&keywords=Bose%2BQuietComfort%2BUltra&qid=1772548602&sprefix=bose%2Bquietcomfort%2Bultra%2Caps%2C381&sr=8-2&th=1&linkCode=ll2&tag=techstackglob-20&linkId=32e87ac81374b7277a2b1e839f6ec178&language=en_US&ref_=as_li_ss_tl","https://www.amazon.com/Bose-QuietComfort-Bluetooth-Headphones-Cancelling/dp/B0FDKR293G?crid=1KHNAVTN1KQ9T&dib=eyJ2IjoiMSJ9._srgW9LRct0bSSDvw-P8_4m28NFgQr_WqYPeq7NoLscgQzPKLz5QJ2Y3n9rHV7EaKJNdATmT5pI5XB1Y7TcI0Hm7yrOmp0W1NgqUTFqHAL3dXWzWXjP8GUr64_x5Eoc9QvvvPWYgYE6nT1kWulqcxoAk7UtqwLkhE4KM5qgkYyrgeW4SnXRidEVQI73EK5Lpgbm6L1LmRKgrYUyccy1TKR5I3-LnEyfc-lb0vxiY8oA.sKPw9z6-4aQgVjku0Na6khNQ1uUYFCHtOFpxXB67i8M&dib_tag=se&keywords=Bose%2BQuietComfort%2BUltra&qid=1772548602&sprefix=bose%2Bquietcomfort%2Bultra%2Caps%2C381&sr=8-2&th=1&linkCode=ll2&tag=techstackglob-20&linkId=32e87ac81374b7277a2b1e839f6ec178&language=en_US&ref_=as_li_ss_tl","nofollow noopener sponsored","nofollow noopener sponsored","_blank","_blank"
"posts\sony-xm5-vs-bose-qc-ultra.html","https://www.amazon.com/Sony-WH-1000XM5-Canceling-Headphones-Hands-Free/dp/B09XS7JWHH?crid=22DNQ5U3ZZ6Y9&dib=eyJ2IjoiMSJ9.NI8Of3Dj21eEjBNTj6fHcVa-PKyct7nVKDFKwFupSIAAKXgAWfZ_kXdQyTEVhQt3y9nn-0KHgAlQGZZGIV8QUb4y1mMuAFQiixljhN9xtEry7BvnlL43Hl0tca5P0jRuIC5-t9seHoENnw-uilU326EClXrBMbu8acDfD0eguRZwnvbH_JaVKFMFEMTFyYlc6unD6Nj2LX0sC0YzZ9PoamKgNOnYSejsjAf770izSQY.vcZkaetBUdDl_nm9e2xA8t1mkhjStOKRZ32fE3V3iXg&dib_tag=se&keywords=Sony%2BWH-1000XM5&qid=1772548375&sprefix=sony%2Bwh-1000xm5%2Caps%2C393&sr=8-1&th=1&linkCode=ll2&tag=techstackglob-20&linkId=f609302b85743c2d112fbdd57c8f1560&language=en_US&ref_=as_li_ss_tl","https://www.amazon.com/Sony-WH-1000XM5-Canceling-Headphones-Hands-Free/dp/B09XS7JWHH?crid=22DNQ5U3ZZ6Y9&dib=eyJ2IjoiMSJ9.NI8Of3Dj21eEjBNTj6fHcVa-PKyct7nVKDFKwFupSIAAKXgAWfZ_kXdQyTEVhQt3y9nn-0KHgAlQGZZGIV8QUb4y1mMuAFQiixljhN9xtEry7BvnlL43Hl0tca5P0jRuIC5-t9seHoENnw-uilU326EClXrBMbu8acDfD0eguRZwnvbH_JaVKFMFEMTFyYlc6unD6Nj2LX0sC0YzZ9PoamKgNOnYSejsjAf770izSQY.vcZkaetBUdDl_nm9e2xA8t1mkhjStOKRZ32fE3V3iXg&dib_tag=se&keywords=Sony%2BWH-1000XM5&qid=1772548375&sprefix=sony%2Bwh-1000xm5%2Caps%2C393&sr=8-1&th=1&linkCode=ll2&tag=techstackglob-20&linkId=f609302b85743c2d112fbdd57c8f1560&language=en_US&ref_=as_li_ss_tl","nofollow noopener sponsored","nofollow noopener sponsored","_blank","_blank"
"posts\sony-xm5-vs-bose-qc-ultra.html","https://www.amazon.com/Bose-QuietComfort-Bluetooth-Headphones-Cancelling/dp/B0FDKR293G?crid=1KHNAVTN1KQ9T&dib=eyJ2IjoiMSJ9._srgW9LRct0bSSDvw-P8_4m28NFgQr_WqYPeq7NoLscgQzPKLz5QJ2Y3n9rHV7EaKJNdATmT5pI5XB1Y7TcI0Hm7yrOmp0W1NgqUTFqHAL3dXWzWXjP8GUr64_x5Eoc9QvvvPWYgYE6nT1kWulqcxoAk7UtqwLkhE4KM5qgkYyrgeW4SnXRidEVQI73EK5Lpgbm6L1LmRKgrYUyccy1TKR5I3-LnEyfc-lb0vxiY8oA.sKPw9z6-4aQgVjku0Na6khNQ1uUYFCHtOFpxXB67i8M&dib_tag=se&keywords=Bose%2BQuietComfort%2BUltra&qid=1772548602&sprefix=bose%2Bquietcomfort%2Bultra%2Caps%2C381&sr=8-2&th=1&linkCode=ll2&tag=techstackglob-20&linkId=32e87ac81374b7277a2b1e839f6ec178&language=en_US&ref_=as_li_ss_tl","https://www.amazon.com/Bose-QuietComfort-Bluetooth-Headphones-Cancelling/dp/B0FDKR293G?crid=1KHNAVTN1KQ9T&dib=eyJ2IjoiMSJ9._srgW9LRct0bSSDvw-P8_4m28NFgQr_WqYPeq7NoLscgQzPKLz5QJ2Y3n9rHV7EaKJNdATmT5pI5XB1Y7TcI0Hm7yrOmp0W1NgqUTFqHAL3dXWzWXjP8GUr64_x5Eoc9QvvvPWYgYE6nT1kWulqcxoAk7UtqwLkhE4KM5qgkYyrgeW4SnXRidEVQI73EK5Lpgbm6L1LmRKgrYUyccy1TKR5I3-LnEyfc-lb0vxiY8oA.sKPw9z6-4aQgVjku0Na6khNQ1uUYFCHtOFpxXB67i8M&dib_tag=se&keywords=Bose%2BQuietComfort%2BUltra&qid=1772548602&sprefix=bose%2Bquietcomfort%2Bultra%2Caps%2C381&sr=8-2&th=1&linkCode=ll2&tag=techstackglob-20&linkId=32e87ac81374b7277a2b1e839f6ec178&language=en_US&ref_=as_li_ss_tl","nofollow noopener sponsored","nofollow noopener sponsored","_blank","_blank"
"posts\surface-laptop-studio-2-review.html","https://www.amazon.com/Microsoft-Touchscreen-Convertible-Floating-Notebook/dp/B0D7TR2R2T?tag=techstackglob-20","https://www.amazon.com/Microsoft-Touchscreen-Convertible-Floating-Notebook/dp/B0D7TR2R2T?tag=techstackglob-20","sponsored","sponsored nofollow noopener","_blank","_blank"
"posts\surface-laptop-studio-2-review.html","https://www.amazon.com/Microsoft-Touchscreen-Convertible-Floating-Notebook/dp/B0D7TR2R2T?tag=techstackglob-20","https://www.amazon.com/Microsoft-Touchscreen-Convertible-Floating-Notebook/dp/B0D7TR2R2T?tag=techstackglob-20","sponsored","sponsored nofollow noopener","_blank","_blank"
"posts\surface-laptop-studio-2-review.html","https://www.amazon.com/Microsoft-Lightweight-Processor-Multi-Tasking-Platinum/dp/B0B9QDT7L9?tag=techstackglob-20","https://www.amazon.com/Microsoft-Lightweight-Processor-Multi-Tasking-Platinum/dp/B0B9QDT7L9?tag=techstackglob-20","sponsored","sponsored nofollow noopener","_blank","_blank"
